procedure_id,hospital_id,procedure_name,min_cost_inr,max_cost_inr,avg_cost_inr,success_rate,avg_recovery_days,insurance_covered,specialists_count,specialization_match,annual_procedure_volume,procedure_waiting_time_days,avg_specialist_availability,specialization_relevance_score
proc_00001,hosp_001,ecg_echo,6153,15096,10625,0.92,1,true,1,false,1085,5,0.61,0.53
proc_00002,hosp_001,knee_replacement,193713,440036,316875,0.9,20,true,13,true,42,2,0.88,0.91
proc_00003,hosp_001,arthroscopy,89890,151359,120625,0.97,9,true,17,true,22,3,0.98,0.9
proc_00004,hosp_001,cataract,32247,66502,49375,0.9,4,true,16,true,421,2,0.98,0.96
proc_00005,hosp_001,lasik,58865,112384,85625,0.9,1,false,6,true,157,5,0.9,0.89
proc_00006,hosp_001,appendectomy,65350,140899,103125,0.93,9,false,6,true,84,4,0.67,0.88
proc_00007,hosp_001,gallbladder_surgery,99363,226886,163125,0.91,7,true,6,true,15,0,0.78,0.8
proc_00008,hosp_001,dialysis_single,2170,5329,3750,0.94,1,false,6,true,1914,0,0.71,0.88
proc_00009,hosp_001,kidney_stone_removal,90986,214013,152500,0.9,5,true,3,true,83,8,0.76,0.86
proc_00010,hosp_001,ct_scan,5430,12069,8750,0.9,1,true,11,true,567,0,0.99,0.88
proc_00011,hosp_001,mri_scan,11549,23450,17500,0.94,1,true,6,true,510,5,0.79,0.85
proc_00012,hosp_001,angioplasty,246526,462223,354375,0.91,4,true,2,false,228,8,0.6,0.58
proc_00013,hosp_002,knee_replacement,177564,442435,310000,0.93,14,true,6,true,118,3,0.8,0.9
proc_00014,hosp_002,arthroscopy,93300,159199,126250,0.92,8,true,15,true,40,3,0.95,0.92
proc_00015,hosp_002,lasik,55493,110756,83125,0.91,1,false,2,false,70,5,0.57,0.53
proc_00016,hosp_002,gallbladder_surgery,101971,231778,166875,0.89,12,true,1,false,19,9,0.64,0.51
proc_00017,hosp_002,normal_delivery,61357,102392,81875,0.89,2,true,2,false,177,8,0.61,0.55
proc_00018,hosp_002,c_section,92113,209136,150625,0.9,5,true,4,false,85,10,0.68,0.55
proc_00019,hosp_002,hysterectomy,143897,241102,192500,0.92,7,true,4,false,33,4,0.48,0.56
proc_00020,hosp_002,dialysis_single,2775,4724,3750,0.94,1,true,1,false,945,9,0.52,0.53
proc_00021,hosp_002,endoscopy,8641,21358,15000,0.89,1,true,16,true,428,1,0.79,0.99
proc_00022,hosp_002,ecg_echo,6444,14805,10625,0.95,1,true,3,false,750,10,0.68,0.54
proc_00023,hosp_002,cataract,29700,66549,48125,0.88,2,true,2,false,117,6,0.67,0.51
proc_00024,hosp_002,hip_replacement,261650,488349,375000,0.89,26,true,8,true,66,2,0.78,0.91
proc_00025,hosp_002,kidney_stone_removal,110379,197120,153750,0.92,6,true,3,false,66,7,0.68,0.57
proc_00026,hosp_003,angioplasty,248885,521114,385000,0.9,4,true,6,true,85,7,0.76,0.84
proc_00027,hosp_003,bypass_cabg,458195,959304,708750,0.89,42,true,7,true,61,6,0.7,0.88
proc_00028,hosp_003,ecg_echo,7311,13938,10625,0.92,1,true,12,true,1332,5,0.83,0.93
proc_00029,hosp_003,knee_replacement,200725,454274,327500,0.86,21,true,6,true,41,3,0.82,0.83
proc_00030,hosp_003,hip_replacement,245779,486720,366250,0.88,28,true,4,true,49,7,0.65,0.85
proc_00031,hosp_003,cataract,37606,63643,50625,0.85,4,true,3,false,332,14,0.4,0.55
proc_00032,hosp_003,lasik,58917,107332,83125,0.86,3,false,5,false,175,6,0.77,0.62
proc_00033,hosp_003,kidney_stone_removal,104393,194356,149375,0.92,3,true,5,true,97,5,0.78,0.89
proc_00034,hosp_003,endoscopy,8146,20603,14375,0.93,1,true,5,false,196,8,0.84,0.58
proc_00035,hosp_003,ct_scan,5149,12350,8750,0.89,1,true,10,true,1023,0,0.82,0.9
proc_00036,hosp_003,mri_scan,9766,25233,17500,0.9,1,true,6,true,375,5,0.73,0.83
proc_00037,hosp_004,angioplasty,231627,502122,366875,0.93,5,true,4,true,97,9,0.6,0.81
proc_00038,hosp_004,bypass_cabg,460790,956709,708750,0.94,35,false,16,true,75,2,0.79,0.99
proc_00039,hosp_004,ecg_echo,5958,15291,10625,0.86,1,true,8,true,1927,6,0.99,0.93
proc_00040,hosp_004,knee_replacement,224818,401431,313125,0.87,21,false,2,false,87,6,0.7,0.56
proc_00041,hosp_004,cataract,29403,73096,51250,0.87,1,false,3,false,129,12,0.63,0.52
proc_00042,hosp_004,appendectomy,75533,138216,106875,0.86,12,false,2,false,70,8,0.67,0.55
proc_00043,hosp_004,hernia_repair,67643,176106,121875,0.87,8,false,4,false,16,7,0.56,0.52
proc_00044,hosp_004,dialysis_single,2701,4798,3750,0.87,1,true,2,false,1271,6,0.48,0.54
proc_00045,hosp_004,ct_scan,5599,11900,8750,0.87,1,true,12,true,729,1,0.99,0.91
proc_00046,hosp_004,mri_scan,9860,23889,16875,0.93,1,false,6,true,187,3,0.81,0.82
proc_00047,hosp_005,angioplasty,276978,466771,371875,0.85,5,true,13,true,248,3,0.73,0.96
proc_00048,hosp_005,bypass_cabg,497776,860973,679375,0.91,32,true,17,true,23,1,0.82,0.91
proc_00049,hosp_005,ecg_echo,7711,14788,11250,0.94,1,true,17,true,710,0,0.99,0.94
proc_00050,hosp_005,appendectomy,66338,156161,111250,0.9,9,true,11,true,30,3,0.91,0.89
proc_00051,hosp_005,hernia_repair,64558,166691,115625,0.89,4,true,16,true,27,1,0.94,0.92
proc_00052,hosp_005,gallbladder_surgery,95317,240932,168125,0.85,7,false,15,true,72,4,0.87,0.99
proc_00053,hosp_005,kidney_stone_removal,91723,212026,151875,0.86,7,true,3,true,62,8,0.74,0.84
proc_00054,hosp_005,endoscopy,8739,20010,14375,0.89,1,true,3,false,188,6,0.65,0.55
proc_00055,hosp_005,colonoscopy,13380,29119,21250,0.88,1,true,1,false,58,7,0.59,0.49
proc_00056,hosp_005,mri_scan,9816,25183,17500,0.91,1,true,5,true,914,5,0.78,0.87
proc_00057,hosp_005,c_section,108823,188676,148750,0.86,7,true,5,false,180,6,0.68,0.62
proc_00058,hosp_005,cataract,30849,67900,49375,0.88,3,true,2,false,113,11,0.76,0.52
proc_00059,hosp_005,dialysis_single,2575,4924,3750,0.86,1,true,16,true,904,6,0.9,0.94
proc_00060,hosp_006,angioplasty,255431,475818,365625,0.9,3,false,13,true,66,2,0.99,0.89
proc_00061,hosp_006,bypass_cabg,438674,940075,689375,0.92,28,true,10,true,45,3,0.79,0.88
proc_00062,hosp_006,ecg_echo,6237,15012,10625,0.92,1,true,5,true,919,2,0.75,0.84
proc_00063,hosp_006,knee_replacement,235123,428626,331875,0.91,28,true,13,true,171,0,0.81,0.99
proc_00064,hosp_006,hip_replacement,241612,477137,359375,0.93,16,true,11,true,21,2,0.86,0.87
proc_00065,hosp_006,arthroscopy,92691,158558,125625,0.88,4,true,16,true,66,0,0.87,0.97
proc_00066,hosp_006,appendectomy,69753,146496,108125,0.92,12,true,16,true,26,3,0.84,0.92
proc_00067,hosp_006,hernia_repair,78745,156254,117500,0.85,7,true,9,true,113,1,0.74,0.95
proc_00068,hosp_006,normal_delivery,54461,120538,87500,0.87,4,true,15,true,184,4,0.9,0.95
proc_00069,hosp_006,hysterectomy,119673,254076,186875,0.91,14,true,5,true,22,6,0.8,0.82
proc_00070,hosp_006,dialysis_single,2497,5002,3750,0.9,1,true,7,true,780,0,0.64,0.85
proc_00071,hosp_006,kidney_stone_removal,102769,183480,143125,0.93,5,true,8,true,130,3,0.59,0.95
proc_00072,hosp_006,ct_scan,6464,11035,8750,0.85,1,true,14,true,578,3,0.97,0.91
proc_00073,hosp_006,mri_scan,11811,23188,17500,0.88,1,false,3,false,741,10,0.7,0.58
proc_00074,hosp_007,angioplasty,238907,418092,328500,0.89,2,false,5,true,248,1,0.8,0.87
proc_00075,hosp_007,bypass_cabg,367996,840003,604000,0.92,26,true,17,true,60,2,0.87,0.97
proc_00076,hosp_007,ecg_echo,6202,12797,9500,0.92,1,true,15,true,2366,3,0.82,0.99
proc_00077,hosp_007,knee_replacement,186987,373012,280000,0.85,29,true,13,true,56,2,0.95,0.91
proc_00078,hosp_007,hip_replacement,188642,469357,329000,0.85,35,true,5,true,78,5,0.81,0.9
proc_00079,hosp_007,arthroscopy,79818,138181,109000,0.86,4,true,16,true,107,3,0.99,0.99
proc_00080,hosp_007,cataract,30655,63344,47000,0.85,4,true,2,false,117,8,0.74,0.51
proc_00081,hosp_007,lasik,43767,104232,74000,0.87,2,false,5,false,41,4,0.75,0.55
proc_00082,hosp_007,normal_delivery,44082,113917,79000,0.88,2,true,14,true,275,4,0.85,0.97
proc_00083,hosp_007,c_section,99521,173478,136500,0.92,6,true,17,true,224,5,0.99,0.99
proc_00084,hosp_007,hysterectomy,128501,231498,180000,0.89,8,true,12,true,22,3,0.85,0.88
proc_00085,hosp_007,dialysis_single,2015,4984,3500,0.91,1,true,10,true,790,0,0.91,0.87
proc_00086,hosp_007,kidney_stone_removal,87723,187276,137500,0.85,3,true,16,true,120,1,0.92,0.99
proc_00087,hosp_007,endoscopy,9171,16828,13000,0.9,1,true,8,true,458,2,0.7,0.94
proc_00088,hosp_007,colonoscopy,13174,25825,19500,0.85,1,true,4,true,178,9,0.57,0.85
proc_00089,hosp_007,ct_scan,5179,9820,7500,0.88,1,true,4,false,1085,11,0.5,0.58
proc_00090,hosp_008,bypass_cabg,276131,608868,442500,0.89,39,true,5,false,35,2,0.64,0.56
proc_00091,hosp_008,hip_replacement,134070,322929,228500,0.92,29,true,10,true,33,0,0.81,0.87
proc_00092,hosp_008,arthroscopy,52608,96391,74500,0.88,7,false,4,true,41,7,0.51,0.81
proc_00093,hosp_008,lasik,33644,69355,51500,0.89,3,false,2,false,56,6,0.56,0.52
proc_00094,hosp_008,normal_delivery,38292,64707,51500,0.84,4,true,14,true,285,0,0.75,0.97
proc_00095,hosp_008,hysterectomy,82094,159905,121000,0.85,7,false,3,true,76,8,0.62,0.88
proc_00096,hosp_008,ct_scan,3730,7269,5500,0.91,1,false,13,true,825,2,0.88,0.91
proc_00097,hosp_008,mri_scan,7314,14685,11000,0.88,1,true,6,true,785,5,0.78,0.88
proc_00098,hosp_008,c_section,63121,114878,89000,0.86,6,true,8,true,81,3,0.69,0.86
proc_00099,hosp_008,knee_replacement,132432,272567,202500,0.86,21,true,10,true,75,0,0.94,0.89
proc_00100,hosp_008,endoscopy,6211,11788,9000,0.91,1,true,3,false,222,10,0.55,0.55
proc_00101,hosp_008,appendectomy,46587,86412,66500,0.87,10,true,5,false,97,4,0.8,0.61
proc_00102,hosp_009,angioplasty,166164,296835,231500,0.86,3,false,3,true,110,9,0.63,0.82
proc_00103,hosp_009,bypass_cabg,333389,556610,445000,0.85,41,true,10,true,47,2,0.88,0.9
proc_00104,hosp_009,hip_replacement,139734,327265,233500,0.88,35,true,7,true,80,6,0.83,0.92
proc_00105,hosp_009,arthroscopy,53309,104690,79000,0.85,7,true,5,true,86,4,0.58,0.87
proc_00106,hosp_009,appendectomy,40747,91252,66000,0.84,6,true,16,true,56,1,0.65,0.93
proc_00107,hosp_009,hernia_repair,42570,107429,75000,0.89,4,true,16,true,90,5,0.78,0.98
proc_00108,hosp_009,gallbladder_surgery,64908,153091,109000,0.89,11,true,15,true,98,4,0.94,0.99
proc_00109,hosp_009,hysterectomy,86720,153279,120000,0.9,13,false,2,false,50,11,0.61,0.55
proc_00110,hosp_009,dialysis_single,1249,2750,2000,0.87,1,true,14,true,1708,4,0.99,0.96
proc_00111,hosp_009,kidney_stone_removal,61770,125229,93500,0.9,6,true,3,true,25,8,0.67,0.79
proc_00112,hosp_009,ct_scan,3549,6450,5000,0.9,1,true,6,true,416,4,0.79,0.82
proc_00113,hosp_010,angioplasty,126097,329902,228000,0.82,5,true,14,true,175,0,0.87,0.95
proc_00114,hosp_010,bypass_cabg,240297,618702,429500,0.84,36,true,16,true,21,4,0.92,0.91
proc_00115,hosp_010,ecg_echo,4099,8900,6500,0.81,1,true,17,true,710,5,0.98,0.92
proc_00116,hosp_010,arthroscopy,44567,105432,75000,0.79,4,false,1,false,15,9,0.64,0.48
proc_00117,hosp_010,lasik,40040,69959,55000,0.79,3,false,3,false,93,8,0.63,0.54
proc_00118,hosp_010,appendectomy,45661,89338,67500,0.79,11,true,13,true,78,2,0.91,0.93
proc_00119,hosp_010,hernia_repair,47496,104503,76000,0.79,10,true,15,true,81,2,0.99,0.98
proc_00120,hosp_010,c_section,52264,126735,89500,0.83,5,false,1,false,31,8,0.54,0.49
proc_00121,hosp_010,hysterectomy,85945,150054,118000,0.8,9,true,5,false,15,3,0.74,0.55
proc_00122,hosp_010,dialysis_single,1423,2576,2000,0.86,1,true,3,false,516,6,0.58,0.52
proc_00123,hosp_010,endoscopy,4860,12139,8500,0.83,1,false,1,false,270,8,0.62,0.54
proc_00124,hosp_010,ct_scan,3054,7945,5500,0.8,1,false,17,true,2109,2,0.78,0.99
proc_00125,hosp_011,angioplasty,69120,173979,121550,0.79,4,true,14,true,82,1,0.8,0.91
proc_00126,hosp_011,ecg_echo,2332,4267,3300,0.86,1,true,8,true,758,4,0.71,0.85
proc_00127,hosp_011,cataract,11227,21772,16500,0.83,2,true,6,true,548,7,0.82,0.9
proc_00128,hosp_011,lasik,19404,37795,28600,0.86,2,false,17,true,128,4,0.61,0.95
proc_00129,hosp_011,c_section,30495,63004,46750,0.8,8,true,2,false,121,8,0.59,0.56
proc_00130,hosp_011,dialysis_single,674,1525,1100,0.82,1,true,4,false,1265,10,0.81,0.58
proc_00131,hosp_011,endoscopy,2790,6009,4400,0.79,1,true,1,false,135,9,0.75,0.5
proc_00132,hosp_011,colonoscopy,5019,9280,7150,0.81,1,true,4,false,71,7,0.73,0.53
proc_00133,hosp_012,angioplasty,155587,339412,247500,0.94,4,true,15,true,116,0,0.89,0.94
proc_00134,hosp_012,ecg_echo,4512,9487,7000,0.88,1,false,7,true,2210,6,0.81,0.93
proc_00135,hosp_012,knee_replacement,119028,312971,216000,0.96,25,true,5,false,110,0,0.89,0.61
proc_00136,hosp_012,normal_delivery,39212,76787,58000,0.93,4,true,8,true,342,2,0.6,0.93
proc_00137,hosp_012,c_section,58094,135905,97000,0.9,8,true,14,true,236,4,0.92,0.99
proc_00138,hosp_012,endoscopy,6337,12662,9500,0.91,1,true,3,false,244,7,0.56,0.55
proc_00139,hosp_012,ct_scan,3399,7600,5500,0.95,1,true,4,true,980,11,0.61,0.85
proc_00140,hosp_012,mri_scan,7114,15885,11500,0.96,1,true,3,true,256,11,0.59,0.8
proc_00141,hosp_012,hysterectomy,78449,174550,126500,0.9,8,false,7,true,23,2,0.71,0.83
proc_00142,hosp_012,gallbladder_surgery,82871,145128,114000,0.95,6,true,3,false,16,8,0.73,0.51
proc_00143,hosp_012,hip_replacement,158634,350365,254500,0.89,29,true,3,false,30,13,0.6,0.56
proc_00144,hosp_013,ecg_echo,5367,9632,7500,0.95,1,false,4,false,910,10,0.7,0.57
proc_00145,hosp_013,knee_replacement,146245,265754,206000,0.96,21,true,6,true,118,1,0.68,0.9
proc_00146,hosp_013,hip_replacement,162796,339203,251000,0.91,33,true,14,true,52,2,0.99,0.95
proc_00147,hosp_013,arthroscopy,44970,115029,80000,0.94,4,false,6,true,40,5,0.72,0.85
proc_00148,hosp_013,cataract,22185,44814,33500,0.96,1,true,2,false,128,8,0.63,0.51
proc_00149,hosp_013,hernia_repair,51790,109209,80500,0.96,4,true,3,true,74,7,0.69,0.84
proc_00150,hosp_013,gallbladder_surgery,81937,151062,116500,0.91,11,true,6,true,40,3,0.84,0.84
proc_00151,hosp_013,endoscopy,7453,12546,10000,0.95,1,true,1,false,277,8,0.56,0.55
proc_00152,hosp_013,ct_scan,3552,7447,5500,0.96,1,true,17,true,1096,0,0.99,0.96
proc_00153,hosp_013,dialysis_single,1416,2583,2000,0.96,1,true,1,false,1326,9,0.71,0.55
proc_00154,hosp_013,bypass_cabg,270672,687327,479000,0.91,39,false,2,false,25,12,0.58,0.51
proc_00155,hosp_013,hysterectomy,92958,164041,128500,0.95,9,true,2,false,35,9,0.62,0.54
proc_00156,hosp_013,normal_delivery,32438,80561,56500,0.94,3,true,4,false,86,8,0.45,0.54
proc_00157,hosp_014,angioplasty,148170,336829,242500,0.86,5,true,4,false,151,10,0.64,0.57
proc_00158,hosp_014,bypass_cabg,305661,637338,471500,0.83,32,false,2,false,20,4,0.68,0.51
proc_00159,hosp_014,knee_replacement,153259,259740,206500,0.87,22,true,14,true,159,0,0.93,0.99
proc_00160,hosp_014,arthroscopy,48577,108422,78500,0.84,10,false,6,true,62,4,0.82,0.88
proc_00161,hosp_014,appendectomy,42112,100887,71500,0.82,5,true,7,true,68,2,0.83,0.88
proc_00162,hosp_014,hernia_repair,58118,101881,80000,0.83,7,true,14,true,84,3,0.73,0.98
proc_00163,hosp_014,gallbladder_surgery,79087,149912,114500,0.88,5,true,13,true,25,0,0.79,0.9
proc_00164,hosp_014,dialysis_single,1338,2661,2000,0.87,1,true,1,false,1686,12,0.68,0.54
proc_00165,hosp_014,kidney_stone_removal,58142,142857,100500,0.86,3,false,5,false,21,7,0.81,0.55
proc_00166,hosp_014,endoscopy,6198,12801,9500,0.87,1,true,3,true,414,6,0.7,0.87
proc_00167,hosp_014,colonoscopy,8616,18383,13500,0.88,1,true,7,true,153,3,0.81,0.87
proc_00168,hosp_014,normal_delivery,38454,74545,56500,0.83,2,true,1,false,74,13,0.59,0.52
proc_00169,hosp_014,c_section,65923,131076,98500,0.83,8,true,1,false,40,9,0.55,0.51
proc_00170,hosp_014,ct_scan,3540,7459,5500,0.84,1,true,14,true,1784,0,0.85,0.99
proc_00171,hosp_015,angioplasty,140636,240163,190400,0.79,5,true,12,true,208,2,0.83,0.95
proc_00172,hosp_015,bypass_cabg,266410,461589,364000,0.85,27,true,15,true,36,2,0.84,0.92
proc_00173,hosp_015,ecg_echo,3728,7471,5600,0.81,1,true,3,true,1328,10,0.61,0.84
proc_00174,hosp_015,knee_replacement,115832,212967,164400,0.82,17,true,9,true,172,6,0.58,0.95
proc_00175,hosp_015,arthroscopy,45182,89217,67200,0.79,9,true,4,true,93,9,0.84,0.88
proc_00176,hosp_015,colonoscopy,8307,14092,11200,0.85,1,true,2,false,61,12,0.7,0.51
proc_00177,hosp_015,mri_scan,5487,12912,9200,0.81,1,false,1,false,853,7,0.76,0.58
proc_00178,hosp_015,ct_scan,2668,6131,4400,0.87,1,true,5,false,634,6,0.78,0.55
proc_00179,hosp_015,kidney_stone_removal,44746,112853,78800,0.83,8,true,1,false,52,9,0.68,0.53
proc_00180,hosp_016,angioplasty,252801,443134,347968,0.85,2,true,14,true,126,4,0.75,0.93
proc_00181,hosp_016,bypass_cabg,407726,983085,695406,0.88,32,true,16,true,53,0,0.85,0.95
proc_00182,hosp_016,ecg_echo,7109,13076,10093,0.84,1,false,10,true,1909,4,0.99,0.95
proc_00183,hosp_016,hip_replacement,257955,430544,344250,0.83,18,true,2,false,10,10,0.74,0.5
proc_00184,hosp_016,cataract,26812,68811,47812,0.81,1,true,3,false,372,6,0.74,0.57
proc_00185,hosp_016,appendectomy,75970,128029,102000,0.82,11,true,1,false,74,9,0.61,0.57
proc_00186,hosp_016,normal_delivery,47931,114630,81281,0.86,3,true,3,false,146,7,0.59,0.56
proc_00187,hosp_016,c_section,89689,188684,139187,0.84,6,true,3,false,117,10,0.66,0.56
proc_00188,hosp_016,ct_scan,5365,10570,7968,0.83,1,false,10,true,1441,2,0.89,0.94
proc_00189,hosp_016,mri_scan,11302,21633,16468,0.84,1,false,10,true,440,1,0.76,0.9
proc_00190,hosp_016,dialysis_single,2525,4910,3718,0.84,1,true,3,false,1621,9,0.74,0.58
proc_00191,hosp_016,hysterectomy,130802,242133,186468,0.84,15,true,4,false,30,12,0.5,0.56
proc_00192,hosp_016,lasik,52726,114085,83406,0.81,2,false,1,false,56,10,0.55,0.49
proc_00193,hosp_016,colonoscopy,11704,30795,21250,0.81,1,true,2,false,139,10,0.67,0.54
proc_00194,hosp_016,endoscopy,8849,16650,12750,0.86,1,true,3,false,389,5,0.42,0.59
proc_00195,hosp_017,bypass_cabg,432167,937832,685000,0.88,45,true,15,true,94,4,0.91,0.99
proc_00196,hosp_017,ecg_echo,6448,14801,10625,0.83,1,true,15,true,946,0,0.77,0.94
proc_00197,hosp_017,knee_replacement,181941,449308,315625,0.84,30,true,14,true,139,3,0.99,0.99
proc_00198,hosp_017,hip_replacement,242999,490750,366875,0.87,27,true,4,true,89,8,0.8,0.91
proc_00199,hosp_017,arthroscopy,82900,158349,120625,0.83,3,true,16,true,23,2,0.84,0.91
proc_00200,hosp_017,cataract,29503,71746,50625,0.84,4,true,3,false,460,8,0.7,0.6
proc_00201,hosp_017,lasik,54721,121528,88125,0.89,1,false,1,false,35,12,0.61,0.49
proc_00202,hosp_017,hernia_repair,77481,157518,117500,0.9,9,true,3,false,37,9,0.64,0.55
proc_00203,hosp_017,gallbladder_surgery,113693,217556,165625,0.9,12,true,3,false,56,8,0.56,0.58
proc_00204,hosp_017,endoscopy,8141,20608,14375,0.86,1,true,2,false,97,10,0.81,0.5
proc_00205,hosp_017,ct_scan,5631,11868,8750,0.91,1,true,4,false,315,10,0.65,0.53
proc_00206,hosp_017,mri_scan,10521,23228,16875,0.85,1,true,5,false,179,6,0.66,0.53
proc_00207,hosp_017,hysterectomy,130577,250672,190625,0.92,7,true,3,false,26,5,0.48,0.53
proc_00208,hosp_018,bypass_cabg,403983,1031016,717500,0.93,31,true,9,true,42,5,0.84,0.89
proc_00209,hosp_018,arthroscopy,70358,184641,127500,0.88,8,true,1,false,17,11,0.59,0.5
proc_00210,hosp_018,normal_delivery,52595,117404,85000,0.95,2,false,10,true,191,0,0.84,0.9
proc_00211,hosp_018,c_section,111098,191401,151250,0.94,5,true,7,true,201,2,0.85,0.92
proc_00212,hosp_018,kidney_stone_removal,111935,193064,152500,0.94,8,true,2,false,30,8,0.5,0.52
proc_00213,hosp_018,endoscopy,10572,19427,15000,0.93,1,false,10,true,455,0,0.81,0.95
proc_00214,hosp_018,colonoscopy,16212,27537,21875,0.92,1,true,4,true,265,8,0.62,0.88
proc_00215,hosp_018,appendectomy,73316,140433,106875,0.92,8,true,3,false,74,6,0.57,0.57
proc_00216,hosp_018,cataract,28901,74848,51875,0.96,4,true,3,false,347,4,0.61,0.55
proc_00217,hosp_018,lasik,60655,103094,81875,0.94,1,false,4,false,159,9,0.61,0.6
proc_00218,hosp_018,ct_scan,6108,11391,8750,0.9,1,true,5,false,653,6,0.84,0.56
proc_00219,hosp_018,gallbladder_surgery,95201,234798,165000,0.95,11,true,2,false,21,6,0.66,0.51
proc_00220,hosp_018,angioplasty,242362,512637,377500,0.91,5,true,11,true,91,5,0.92,0.89
proc_00221,hosp_019,angioplasty,266230,496269,381250,0.95,2,false,4,false,140,8,0.55,0.57
proc_00222,hosp_019,bypass_cabg,443276,1060473,751875,0.91,45,true,4,false,32,7,0.56,0.54
proc_00223,hosp_019,knee_replacement,240836,417913,329375,0.93,24,true,11,true,50,0,0.82,0.89
proc_00224,hosp_019,cataract,31718,73281,52500,0.95,3,false,2,false,299,10,0.62,0.55
proc_00225,hosp_019,appendectomy,87462,147537,117500,0.92,10,false,3,false,82,7,0.57,0.57
proc_00226,hosp_019,normal_delivery,48244,126755,87500,0.96,2,false,4,true,52,9,0.7,0.79
proc_00227,hosp_019,c_section,113833,197416,155625,0.9,5,true,5,true,204,4,0.78,0.9
proc_00228,hosp_019,endoscopy,10381,19618,15000,0.92,1,true,2,false,374,9,0.61,0.59
proc_00229,hosp_019,colonoscopy,12919,32080,22500,0.93,1,true,3,false,157,9,0.67,0.56
proc_00230,hosp_019,ct_scan,6556,12193,9375,0.95,1,true,10,true,2115,1,0.97,0.95
proc_00231,hosp_019,mri_scan,10113,26136,18125,0.89,1,true,8,true,343,6,0.93,0.84
proc_00232,hosp_020,angioplasty,195707,385478,290593,0.84,3,true,14,true,107,0,0.85,0.91
proc_00233,hosp_020,bypass_cabg,360218,757531,558875,0.86,31,true,10,true,116,4,0.99,0.96
proc_00234,hosp_020,ecg_echo,6699,11362,9031,0.88,1,true,14,true,393,3,0.86,0.89
proc_00235,hosp_020,c_section,84214,147409,115812,0.9,8,true,5,false,62,6,0.76,0.54
proc_00236,hosp_020,kidney_stone_removal,71734,160951,116343,0.89,3,true,11,true,97,1,0.86,0.96
proc_00237,hosp_020,colonoscopy,9807,25254,17531,0.83,1,true,1,false,75,5,0.66,0.49
proc_00238,hosp_020,mri_scan,7596,18965,13281,0.83,1,false,10,true,1100,0,0.92,0.95
proc_00239,hosp_020,dialysis_single,2179,4194,3187,0.88,1,true,3,false,1642,8,0.62,0.58
proc_00240,hosp_020,appendectomy,52382,112303,82343,0.84,6,true,1,false,52,13,0.54,0.54
proc_00241,hosp_020,hip_replacement,215719,377154,296437,0.91,26,true,1,false,48,6,0.56,0.54
proc_00242,hosp_020,gallbladder_surgery,76662,194273,135468,0.91,10,true,3,false,23,8,0.6,0.52
proc_00243,hosp_021,angioplasty,186432,419191,302812,0.89,3,true,17,true,355,0,0.91,0.99
proc_00244,hosp_021,ecg_echo,6230,12893,9562,0.87,1,true,5,true,1067,5,0.74,0.84
proc_00245,hosp_021,arthroscopy,57038,150147,103593,0.85,5,true,3,false,21,13,0.54,0.51
proc_00246,hosp_021,cataract,26990,60133,43562,0.85,2,true,8,true,707,5,0.73,0.94
proc_00247,hosp_021,lasik,43436,103187,73312,0.87,1,false,4,true,195,10,0.66,0.9
proc_00248,hosp_021,normal_delivery,44549,95700,70125,0.86,3,true,5,false,148,6,0.81,0.57
proc_00249,hosp_021,kidney_stone_removal,84836,159537,122187,0.88,8,true,16,true,35,0,0.88,0.92
proc_00250,hosp_021,ct_scan,3814,9997,6906,0.83,1,true,16,true,1531,0,0.76,0.97
proc_00251,hosp_021,mri_scan,9262,20487,14875,0.87,1,true,17,true,188,2,0.94,0.9
proc_00252,hosp_021,colonoscopy,11164,26021,18593,0.83,1,true,5,false,141,3,0.64,0.58
proc_00253,hosp_022,angioplasty,216885,427114,322000,0.87,4,false,4,false,249,4,0.58,0.62
proc_00254,hosp_022,arthroscopy,57900,149099,103500,0.81,6,true,4,false,29,8,0.58,0.53
proc_00255,hosp_022,cataract,28579,58420,43500,0.79,2,false,5,false,83,3,0.74,0.54
proc_00256,hosp_022,hysterectomy,104674,214325,159500,0.86,14,true,2,false,59,8,0.55,0.57
proc_00257,hosp_022,endoscopy,8466,15533,12000,0.85,1,true,17,true,203,6,0.88,0.92
proc_00258,hosp_022,colonoscopy,12201,25798,19000,0.83,1,true,5,true,228,0,0.78,0.87
proc_00259,hosp_022,ct_scan,4690,9309,7000,0.79,1,false,9,true,1869,5,0.7,0.96
proc_00260,hosp_022,mri_scan,10430,17569,14000,0.83,1,true,13,true,950,2,0.85,0.96
proc_00261,hosp_022,knee_replacement,150530,388469,269500,0.81,30,false,3,false,113,11,0.66,0.61
proc_00262,hosp_022,dialysis_single,2545,4454,3500,0.81,1,true,5,false,439,0,0.7,0.54
proc_00263,hosp_022,lasik,52620,97379,75000,0.81,2,false,1,false,90,8,0.72,0.52
proc_00264,hosp_023,knee_replacement,139350,285649,212500,0.91,14,true,17,true,159,1,0.83,0.99
proc_00265,hosp_023,appendectomy,51016,88983,70000,0.93,8,true,2,false,81,10,0.66,0.57
proc_00266,hosp_023,endoscopy,6033,11966,9000,0.91,1,true,15,true,355,3,0.89,0.97
proc_00267,hosp_023,colonoscopy,9724,20275,15000,0.91,1,true,4,true,274,10,0.52,0.88
proc_00268,hosp_023,ct_scan,3232,7767,5500,0.96,1,false,5,false,1388,2,0.79,0.62
proc_00269,hosp_023,mri_scan,6361,16638,11500,0.96,1,false,2,false,246,11,0.72,0.51
proc_00270,hosp_023,lasik,43483,74516,59000,0.97,2,false,3,false,82,7,0.76,0.53
proc_00271,hosp_023,hip_replacement,166425,334574,250500,0.93,29,true,17,true,20,2,0.82,0.9
proc_00272,hosp_023,gallbladder_surgery,84925,152074,118500,0.97,6,true,4,false,68,5,0.67,0.6
proc_00273,hosp_023,cataract,19924,46075,33000,0.89,1,true,5,false,188,3,0.78,0.55
proc_00274,hosp_023,angioplasty,177685,326314,252000,0.93,2,true,1,false,191,4,0.68,0.55
proc_00275,hosp_023,ecg_echo,5557,9442,7500,0.95,1,true,1,false,494,10,0.58,0.51
proc_00276,hosp_023,hernia_repair,51577,102422,77000,0.92,9,true,3,false,63,8,0.72,0.56
proc_00277,hosp_024,angioplasty,200044,338955,269500,0.86,3,false,17,true,307,4,0.82,0.99
proc_00278,hosp_024,bypass_cabg,294529,734470,514500,0.92,23,true,11,true,39,1,0.87,0.91
proc_00279,hosp_024,ecg_echo,4419,11580,8000,0.88,1,false,7,true,605,4,0.7,0.84
proc_00280,hosp_024,knee_replacement,149943,304056,227000,0.86,29,true,17,true,123,1,0.95,0.99
proc_00281,hosp_024,arthroscopy,50747,117252,84000,0.86,7,true,6,true,46,3,0.66,0.86
proc_00282,hosp_024,lasik,44279,77720,61000,0.86,2,false,3,false,46,10,0.61,0.52
proc_00283,hosp_024,hysterectomy,95986,184013,140000,0.91,14,false,3,false,25,6,0.68,0.51
proc_00284,hosp_024,kidney_stone_removal,75554,128445,102000,0.92,5,true,14,true,49,4,0.77,0.94
proc_00285,hosp_024,colonoscopy,9567,20432,15000,0.92,1,true,1,false,244,11,0.53,0.57
proc_00286,hosp_024,mri_scan,9258,15741,12500,0.91,1,true,3,false,474,9,0.6,0.53
proc_00287,hosp_024,endoscopy,6188,13811,10000,0.85,1,true,5,false,95,2,0.88,0.53
proc_00288,hosp_024,hernia_repair,60031,106968,83500,0.87,9,true,4,false,30,8,0.6,0.55
proc_00289,hosp_024,gallbladder_surgery,71306,181693,126500,0.88,9,true,1,false,67,8,0.65,0.57
proc_00290,hosp_025,angioplasty,177658,312341,245000,0.86,3,false,12,true,210,1,0.96,0.95
proc_00291,hosp_025,bypass_cabg,304975,667024,486000,0.84,28,true,3,true,24,8,0.67,0.79
proc_00292,hosp_025,ecg_echo,4053,9946,7000,0.91,1,false,5,true,1543,7,0.72,0.87
proc_00293,hosp_025,cataract,18678,47321,33000,0.86,3,false,3,false,345,5,0.66,0.56
proc_00294,hosp_025,appendectomy,51794,91205,71500,0.88,5,true,3,true,50,9,0.56,0.83
proc_00295,hosp_025,hernia_repair,51141,104858,78000,0.85,4,true,14,true,33,1,0.85,0.92
proc_00296,hosp_025,gallbladder_surgery,80808,142191,111500,0.86,6,true,4,true,19,9,0.68,0.8
proc_00297,hosp_025,normal_delivery,32540,80459,56500,0.85,3,true,11,true,84,0,0.85,0.87
proc_00298,hosp_025,hysterectomy,86449,167550,127000,0.89,7,true,17,true,21,0,0.95,0.92
proc_00299,hosp_025,colonoscopy,10061,16938,13500,0.91,1,true,1,false,70,6,0.49,0.49
proc_00300,hosp_025,ct_scan,3536,7463,5500,0.85,1,true,4,true,1436,12,0.67,0.87
proc_00301,hosp_025,lasik,40289,77710,59000,0.89,1,false,4,false,101,12,0.71,0.57
proc_00302,hosp_025,dialysis_single,1543,3456,2500,0.9,1,true,3,false,576,7,0.59,0.51
proc_00303,hosp_026,hip_replacement,185065,324934,255000,0.85,23,true,4,true,83,6,0.46,0.9
proc_00304,hosp_026,arthroscopy,55046,111953,83500,0.82,10,true,12,true,23,3,0.9,0.89
proc_00305,hosp_026,cataract,19139,47860,33500,0.82,1,true,4,true,445,9,0.71,0.86
proc_00306,hosp_026,lasik,40691,76308,58500,0.8,3,false,10,true,136,0,0.89,0.92
proc_00307,hosp_026,appendectomy,49076,96923,73000,0.8,7,false,12,true,47,2,0.99,0.91
proc_00308,hosp_026,hernia_repair,57432,97567,77500,0.84,5,true,7,true,59,5,0.89,0.87
proc_00309,hosp_026,gallbladder_surgery,79091,152908,116000,0.84,6,true,6,true,33,9,0.68,0.85
proc_00310,hosp_026,normal_delivery,35366,81633,58500,0.81,4,true,3,false,259,5,0.64,0.59
proc_00311,hosp_026,ct_scan,4016,6983,5500,0.8,1,true,17,true,784,3,0.82,0.95
proc_00312,hosp_026,mri_scan,8053,14946,11500,0.85,1,false,5,true,948,2,0.87,0.88
proc_00313,hosp_026,bypass_cabg,350834,597165,474000,0.83,39,true,2,false,53,10,0.63,0.56
proc_00314,hosp_027,angioplasty,91009,161990,126500,0.74,2,true,11,true,131,3,0.94,0.9
proc_00315,hosp_027,bypass_cabg,133206,346943,240075,0.77,32,true,6,true,81,4,0.61,0.9
proc_00316,hosp_027,ecg_echo,2555,4594,3575,0.74,1,true,17,true,874,0,0.8,0.95
proc_00317,hosp_027,knee_replacement,67610,158439,113025,0.78,30,true,14,true,67,2,0.71,0.92
proc_00318,hosp_027,hip_replacement,94010,166139,130075,0.78,29,false,3,true,66,4,0.51,0.85
proc_00319,hosp_027,arthroscopy,22613,58786,40700,0.8,7,true,3,true,39,6,0.62,0.81
proc_00320,hosp_027,hernia_repair,29280,52669,40975,0.79,9,false,3,false,34,10,0.72,0.54
proc_00321,hosp_027,normal_delivery,18789,38960,28875,0.74,2,true,5,false,186,5,0.8,0.59
proc_00322,hosp_027,c_section,37244,65055,51150,0.77,8,false,4,false,73,6,0.63,0.54
proc_00323,hosp_027,endoscopy,3457,5892,4675,0.78,1,true,1,false,81,8,0.45,0.49
proc_00324,hosp_027,ct_scan,1855,4194,3025,0.81,1,true,1,false,1000,6,0.63,0.55
proc_00325,hosp_028,angioplasty,93472,165027,129250,0.76,5,true,17,true,294,3,0.93,0.99
proc_00326,hosp_028,ecg_echo,2440,5259,3850,0.74,1,true,7,true,884,9,0.8,0.86
proc_00327,hosp_028,knee_replacement,61884,153715,107800,0.7,27,true,4,false,53,5,0.64,0.55
proc_00328,hosp_028,cataract,12101,23098,17600,0.76,2,true,8,true,384,5,0.82,0.89
proc_00329,hosp_028,lasik,17529,40770,29150,0.73,2,false,17,true,256,0,0.94,0.99
proc_00330,hosp_028,appendectomy,27084,47715,37400,0.77,11,true,1,false,72,10,0.45,0.55
proc_00331,hosp_028,normal_delivery,18732,39017,28875,0.7,4,true,4,true,383,7,0.61,0.9
proc_00332,hosp_028,hysterectomy,39723,93926,66825,0.74,7,true,7,true,80,5,0.87,0.92
proc_00333,hosp_028,ct_scan,1697,4352,3025,0.7,1,true,5,false,1309,5,0.74,0.6
proc_00334,hosp_028,bypass_cabg,171961,311488,241725,0.73,40,true,14,true,104,2,0.88,0.99
proc_00335,hosp_028,hip_replacement,72130,180319,126225,0.76,19,true,1,false,33,7,0.64,0.53
proc_00336,hosp_028,arthroscopy,26520,59279,42900,0.72,9,true,1,false,57,8,0.54,0.55
proc_00337,hosp_028,kidney_stone_removal,34405,68444,51425,0.75,8,true,4,false,33,13,0.79,0.54
proc_00338,hosp_029,angioplasty,153019,318980,236000,0.94,5,true,11,true,321,2,0.99,0.97
proc_00339,hosp_029,knee_replacement,115284,284715,200000,0.92,21,true,12,true,39,2,0.7,0.9
proc_00340,hosp_029,cataract,23690,43309,33500,0.98,2,true,2,false,422,8,0.81,0.56
proc_00341,hosp_029,normal_delivery,33976,83023,58500,0.91,4,false,12,true,171,0,0.87,0.91
proc_00342,hosp_029,c_section,54963,142036,98500,0.91,5,true,10,true,40,2,0.88,0.86
proc_00343,hosp_029,hysterectomy,80428,168571,124500,0.94,7,true,12,true,35,0,0.91,0.9
proc_00344,hosp_029,dialysis_single,1598,3401,2500,0.9,1,true,4,false,421,6,0.66,0.53
proc_00345,hosp_029,ct_scan,4031,6968,5500,0.98,1,false,9,true,685,7,0.83,0.86
proc_00346,hosp_029,mri_scan,8170,14829,11500,0.99,1,false,17,true,825,1,0.89,0.98
proc_00347,hosp_029,appendectomy,49460,91539,70500,0.98,11,true,5,false,97,6,0.69,0.61
proc_00348,hosp_029,ecg_echo,4146,8853,6500,0.98,1,true,17,true,1924,2,0.81,0.99
proc_00349,hosp_029,bypass_cabg,332474,567525,450000,0.98,38,true,16,true,101,0,0.8,0.99
proc_00350,hosp_030,angioplasty,75740,129299,102520,0.75,5,true,7,true,236,2,0.76,0.9
proc_00351,hosp_030,ecg_echo,1620,4099,2860,0.8,1,false,7,true,1077,4,0.83,0.86
proc_00352,hosp_030,arthroscopy,19286,46273,32780,0.82,3,true,1,false,36,7,0.59,0.52
proc_00353,hosp_030,hernia_repair,24072,41047,32560,0.81,5,true,1,false,30,6,0.6,0.52
proc_00354,hosp_030,c_section,22896,57183,40040,0.77,8,true,2,false,148,6,0.62,0.57
proc_00355,hosp_030,endoscopy,2924,4995,3960,0.79,1,true,11,true,356,1,0.81,0.93
proc_00356,hosp_030,colonoscopy,3717,7722,5720,0.81,1,true,4,true,267,8,0.6,0.89
proc_00357,hosp_030,ct_scan,1330,3069,2200,0.82,1,true,3,false,922,11,0.59,0.57
proc_00358,hosp_030,mri_scan,2644,6155,4400,0.82,1,true,3,false,630,9,0.69,0.57
proc_00359,hosp_030,normal_delivery,16218,30861,23540,0.77,3,true,5,false,87,4,0.78,0.55
proc_00360,hosp_031,angioplasty,263186,471813,367500,0.82,2,false,11,true,121,0,0.8,0.9
proc_00361,hosp_031,bypass_cabg,494396,913103,703750,0.9,41,true,7,true,23,6,0.68,0.83
proc_00362,hosp_031,ecg_echo,7130,14119,10625,0.89,1,true,13,true,1332,0,0.85,0.95
proc_00363,hosp_031,cataract,35172,63577,49375,0.83,3,true,16,true,282,3,0.89,0.95
proc_00364,hosp_031,lasik,52097,114152,83125,0.9,3,false,14,true,65,5,0.86,0.91
proc_00365,hosp_031,normal_delivery,59892,113857,86875,0.89,3,true,16,true,300,2,0.81,0.98
proc_00366,hosp_031,c_section,102852,187147,145000,0.9,7,false,5,true,180,4,0.75,0.89
proc_00367,hosp_031,hysterectomy,139229,255770,197500,0.89,11,true,13,true,18,5,0.89,0.89
proc_00368,hosp_031,colonoscopy,15323,27176,21250,0.89,1,true,1,false,80,11,0.56,0.5
proc_00369,hosp_031,mri_scan,11753,23246,17500,0.86,1,true,5,false,325,3,0.74,0.54
proc_00370,hosp_032,ecg_echo,6549,14700,10625,0.89,1,false,1,false,1280,8,0.64,0.55
proc_00371,hosp_032,hip_replacement,248635,518864,383750,0.84,32,true,11,true,58,3,0.84,0.93
proc_00372,hosp_032,arthroscopy,67838,177161,122500,0.85,4,true,11,true,48,0,0.79,0.89
proc_00373,hosp_032,hernia_repair,84182,158317,121250,0.88,8,true,2,false,60,7,0.56,0.56
proc_00374,hosp_032,normal_delivery,59306,113193,86250,0.92,2,true,15,true,161,2,0.84,0.93
proc_00375,hosp_032,c_section,107045,195454,151250,0.88,8,true,16,true,136,0,0.83,0.96
proc_00376,hosp_032,hysterectomy,118026,261973,190000,0.84,11,true,8,true,18,7,0.73,0.85
proc_00377,hosp_032,dialysis_single,2397,5102,3750,0.91,1,true,7,true,1007,8,0.69,0.85
proc_00378,hosp_032,colonoscopy,16008,28991,22500,0.88,1,true,5,false,183,2,0.75,0.6
proc_00379,hosp_032,ct_scan,4750,11499,8125,0.92,1,true,17,true,1255,6,0.8,0.96
proc_00380,hosp_032,mri_scan,13056,21943,17500,0.91,1,true,11,true,1215,1,0.8,0.98
proc_00381,hosp_032,angioplasty,231609,507140,369375,0.91,5,true,5,false,136,6,0.72,0.57
proc_00382,hosp_032,gallbladder_surgery,110205,216044,163125,0.88,11,true,4,false,67,10,0.7,0.6
proc_00383,hosp_033,angioplasty,224344,463155,343750,0.86,4,true,13,true,290,2,0.94,0.97
proc_00384,hosp_033,bypass_cabg,420710,898039,659375,0.84,41,true,16,true,31,3,0.85,0.93
proc_00385,hosp_033,ecg_echo,7255,12744,10000,0.87,1,true,17,true,1180,1,0.79,0.95
proc_00386,hosp_033,knee_replacement,212176,377823,295000,0.83,27,true,14,true,72,0,0.99,0.93
proc_00387,hosp_033,hip_replacement,229746,459003,344375,0.85,33,true,13,true,33,0,0.98,0.91
proc_00388,hosp_033,arthroscopy,71804,160695,116250,0.84,9,true,8,true,111,3,0.77,0.93
proc_00389,hosp_033,cataract,30225,62274,46250,0.87,2,true,5,false,384,6,0.65,0.59
proc_00390,hosp_033,gallbladder_surgery,111460,199789,155625,0.88,12,true,5,false,32,7,0.68,0.56
proc_00391,hosp_033,c_section,100646,171853,136250,0.86,8,true,3,true,182,8,0.7,0.87
proc_00392,hosp_033,hysterectomy,106313,248686,177500,0.84,8,true,12,true,53,1,0.98,0.94
proc_00393,hosp_033,dialysis_single,2518,4981,3750,0.81,1,true,8,true,2205,2,0.8,0.92
proc_00394,hosp_033,kidney_stone_removal,91902,181847,136875,0.82,4,true,13,true,53,0,0.88,0.94
proc_00395,hosp_033,ct_scan,5963,10286,8125,0.86,1,true,5,false,1319,5,0.69,0.61
proc_00396,hosp_033,mri_scan,9690,22809,16250,0.82,1,true,1,false,449,10,0.59,0.54
proc_00397,hosp_034,angioplasty,264358,511891,388125,0.82,5,true,11,true,348,0,0.79,0.97
proc_00398,hosp_034,bypass_cabg,496509,1013490,755000,0.82,37,true,15,true,21,0,0.83,0.92
proc_00399,hosp_034,ecg_echo,8572,15177,11875,0.88,1,true,5,true,1303,2,0.87,0.86
proc_00400,hosp_034,knee_replacement,201701,453298,327500,0.88,28,true,12,true,40,6,0.77,0.89
proc_00401,hosp_034,hip_replacement,255376,529623,392500,0.82,26,true,9,true,92,7,0.84,0.95
proc_00402,hosp_034,arthroscopy,77936,185813,131875,0.89,7,true,10,true,129,0,0.76,0.96
proc_00403,hosp_034,lasik,57328,122671,90000,0.88,2,false,2,false,78,9,0.64,0.54
proc_00404,hosp_034,appendectomy,72336,156413,114375,0.9,12,true,5,false,90,4,0.65,0.62
proc_00405,hosp_034,c_section,98514,225235,161875,0.86,8,true,3,false,120,8,0.6,0.56
proc_00406,hosp_034,dialysis_single,2567,6182,4375,0.82,1,false,1,false,1627,8,0.69,0.56
proc_00407,hosp_034,kidney_stone_removal,106953,205546,156250,0.84,8,true,2,false,47,9,0.75,0.54
proc_00408,hosp_034,endoscopy,9755,20244,15000,0.89,1,true,3,false,265,11,0.63,0.57
proc_00409,hosp_034,colonoscopy,14543,31706,23125,0.82,1,true,2,false,82,5,0.59,0.53
proc_00410,hosp_034,ct_scan,5218,12281,8750,0.85,1,true,2,false,1330,9,0.69,0.57
proc_00411,hosp_034,mri_scan,11835,23164,17500,0.82,1,true,1,false,167,8,0.45,0.49
proc_00412,hosp_035,angioplasty,236452,501047,368750,0.9,4,true,17,true,178,1,0.81,0.95
proc_00413,hosp_035,bypass_cabg,423159,960590,691875,0.85,36,true,9,true,17,5,0.79,0.85
proc_00414,hosp_035,ecg_echo,7475,13774,10625,0.86,1,true,11,true,369,3,0.94,0.87
proc_00415,hosp_035,knee_replacement,201334,414915,308125,0.91,14,true,1,false,54,10,0.72,0.53
proc_00416,hosp_035,cataract,32632,67367,50000,0.84,3,true,6,true,634,3,0.67,0.92
proc_00417,hosp_035,lasik,58511,116488,87500,0.85,3,false,17,true,155,1,0.97,0.96
proc_00418,hosp_035,appendectomy,67489,140010,103750,0.84,6,true,4,false,56,9,0.61,0.56
proc_00419,hosp_035,gallbladder_surgery,100353,237146,168750,0.9,5,true,3,false,58,8,0.6,0.58
proc_00420,hosp_035,dialysis_single,2576,4923,3750,0.86,1,true,17,true,1451,1,0.95,0.96
proc_00421,hosp_035,kidney_stone_removal,109401,185598,147500,0.9,4,false,8,true,94,8,0.85,0.92
proc_00422,hosp_035,ct_scan,6026,11473,8750,0.86,1,false,3,false,340,9,0.47,0.52
proc_00423,hosp_035,mri_scan,11958,23041,17500,0.85,1,false,1,false,258,10,0.62,0.49
proc_00424,hosp_036,angioplasty,283820,504929,394375,0.87,2,true,4,false,50,10,0.63,0.53
proc_00425,hosp_036,bypass_cabg,570679,961820,766250,0.92,32,true,4,false,79,10,0.68,0.62
proc_00426,hosp_036,knee_replacement,193795,453704,323750,0.91,30,true,11,true,101,1,0.99,0.94
proc_00427,hosp_036,hip_replacement,248311,522938,385625,0.92,26,true,3,true,45,9,0.51,0.83
proc_00428,hosp_036,arthroscopy,84786,177713,131250,0.94,5,true,6,true,75,5,0.8,0.89
proc_00429,hosp_036,lasik,60719,123030,91875,0.94,3,false,5,false,71,4,0.79,0.55
proc_00430,hosp_036,appendectomy,66513,154736,110625,0.94,6,true,17,true,88,0,0.83,0.98
proc_00431,hosp_036,hernia_repair,77041,167958,122500,0.91,4,false,4,true,55,10,0.64,0.82
proc_00432,hosp_036,gallbladder_surgery,114150,238349,176250,0.92,8,true,8,true,46,2,0.75,0.88
proc_00433,hosp_036,dialysis_single,3188,5561,4375,0.92,1,true,13,true,2086,1,0.92,0.98
proc_00434,hosp_036,kidney_stone_removal,87917,229582,158750,0.92,6,true,15,true,92,1,0.98,0.99
proc_00435,hosp_036,colonoscopy,15650,29349,22500,0.92,1,true,1,false,156,10,0.73,0.55
proc_00436,hosp_036,ct_scan,5657,11842,8750,0.9,1,true,16,true,1331,2,0.97,0.97
proc_00437,hosp_037,angioplasty,185928,444071,315000,0.95,5,true,11,true,234,0,0.78,0.94
proc_00438,hosp_037,bypass_cabg,443115,746884,595000,0.94,26,true,4,true,80,8,0.6,0.87
proc_00439,hosp_037,ecg_echo,6056,12943,9500,0.95,1,true,7,true,403,8,0.83,0.83
proc_00440,hosp_037,knee_replacement,172693,344306,258500,0.97,17,true,9,true,104,5,0.82,0.91
proc_00441,hosp_037,hip_replacement,227217,391782,309500,0.9,21,true,10,true,33,3,0.83,0.89
proc_00442,hosp_037,arthroscopy,66735,137264,102000,0.95,6,false,13,true,66,2,0.87,0.93
proc_00443,hosp_037,cataract,30207,55792,43000,0.97,4,true,14,true,501,2,0.86,0.96
proc_00444,hosp_037,lasik,48571,94428,71500,0.93,2,false,4,true,124,9,0.61,0.84
proc_00445,hosp_037,hysterectomy,92028,229971,161000,0.9,13,true,1,false,64,7,0.7,0.57
proc_00446,hosp_037,kidney_stone_removal,80273,172726,126500,0.95,7,false,4,false,42,7,0.59,0.55
proc_00447,hosp_037,endoscopy,7148,16851,12000,0.96,1,false,5,true,313,6,0.75,0.87
proc_00448,hosp_037,colonoscopy,11631,23368,17500,0.98,1,true,16,true,111,0,0.81,0.94
proc_00449,hosp_037,ct_scan,4397,10602,7500,0.96,1,false,5,false,1153,5,0.93,0.6
proc_00450,hosp_037,mri_scan,8921,20078,14500,0.93,1,false,3,false,381,5,0.65,0.54
proc_00451,hosp_038,angioplasty,157593,351406,254500,0.94,4,true,3,true,118,9,0.64,0.82
proc_00452,hosp_038,bypass_cabg,295681,644318,470000,0.88,37,true,5,true,20,8,0.89,0.82
proc_00453,hosp_038,ecg_echo,4104,9895,7000,0.92,1,true,14,true,1374,3,0.94,0.96
proc_00454,hosp_038,hip_replacement,187021,317978,252500,0.9,22,true,4,false,58,8,0.75,0.58
proc_00455,hosp_038,lasik,33272,82727,58000,0.9,3,false,3,false,98,6,0.48,0.55
proc_00456,hosp_038,appendectomy,41651,97348,69500,0.93,7,true,7,true,26,0,0.75,0.82
proc_00457,hosp_038,hernia_repair,51421,104578,78000,0.88,4,true,6,true,79,6,0.7,0.89
proc_00458,hosp_038,gallbladder_surgery,67580,169419,118500,0.92,5,true,16,true,58,3,0.94,0.98
proc_00459,hosp_038,normal_delivery,34846,81153,58000,0.94,2,true,1,false,126,5,0.72,0.52
proc_00460,hosp_038,hysterectomy,77071,183928,130500,0.91,9,true,3,false,65,7,0.62,0.59
proc_00461,hosp_038,dialysis_single,1440,2559,2000,0.88,1,true,3,false,522,10,0.58,0.53
proc_00462,hosp_038,kidney_stone_removal,58031,135968,97000,0.93,7,true,16,true,42,1,0.79,0.93
proc_00463,hosp_038,ct_scan,3688,7311,5500,0.91,1,false,3,true,661,6,0.69,0.82
proc_00464,hosp_039,knee_replacement,112882,297117,205000,0.94,16,true,17,true,123,0,0.93,0.99
proc_00465,hosp_039,hip_replacement,172328,296671,234500,0.92,15,false,15,true,53,4,0.68,0.97
proc_00466,hosp_039,arthroscopy,44738,105261,75000,0.9,3,true,4,true,19,8,0.69,0.8
proc_00467,hosp_039,hernia_repair,54174,96825,75500,0.89,4,false,3,false,67,7,0.52,0.57
proc_00468,hosp_039,dialysis_single,1100,2899,2000,0.96,1,true,7,true,718,3,0.76,0.84
proc_00469,hosp_039,kidney_stone_removal,55040,136959,96000,0.92,6,false,12,true,100,1,0.76,0.97
proc_00470,hosp_039,endoscopy,5122,12877,9000,0.96,1,false,1,false,62,6,0.61,0.48
proc_00471,hosp_039,mri_scan,5889,15110,10500,0.9,1,true,4,true,595,11,0.65,0.84
proc_00472,hosp_039,bypass_cabg,302931,588068,445500,0.96,36,true,1,false,12,6,0.66,0.48
proc_00473,hosp_039,colonoscopy,8376,17623,13000,0.9,1,false,1,false,176,6,0.65,0.54
proc_00474,hosp_039,angioplasty,138514,318485,228500,0.9,5,true,3,false,49,9,0.64,0.52
proc_00475,hosp_039,appendectomy,44047,87952,66000,0.89,12,true,4,false,55,9,0.68,0.56
proc_00476,hosp_040,angioplasty,164396,304603,234500,0.94,4,false,12,true,287,1,0.89,0.97
proc_00477,hosp_040,ecg_echo,3603,9396,6500,0.9,1,true,12,true,606,6,0.85,0.89
proc_00478,hosp_040,hip_replacement,144152,312847,228500,0.95,23,true,3,false,10,5,0.6,0.5
proc_00479,hosp_040,arthroscopy,53664,100335,77000,0.88,3,true,1,false,60,14,0.54,0.54
proc_00480,hosp_040,lasik,32928,74071,53500,0.95,1,false,4,false,48,6,0.59,0.53
proc_00481,hosp_040,appendectomy,46927,92072,69500,0.88,5,true,4,false,99,8,0.46,0.61
proc_00482,hosp_040,hysterectomy,70775,167224,119000,0.91,10,true,2,false,45,10,0.47,0.55
proc_00483,hosp_040,kidney_stone_removal,64973,118026,91500,0.94,6,true,17,true,78,3,0.99,0.97
proc_00484,hosp_040,ct_scan,2793,7206,5000,0.87,1,false,10,true,1113,2,0.82,0.91
proc_00485,hosp_040,mri_scan,7758,14241,11000,0.88,1,true,7,true,620,5,0.77,0.87
proc_00486,hosp_041,angioplasty,78901,187848,133375,0.76,3,true,16,true,284,2,0.86,0.99
proc_00487,hosp_041,bypass_cabg,151679,381270,266475,0.76,23,true,11,true,86,1,0.77,0.94
proc_00488,hosp_041,ecg_echo,2484,5215,3850,0.72,1,true,7,true,2031,3,0.85,0.92
proc_00489,hosp_041,lasik,17970,41979,29975,0.75,2,false,4,false,48,9,0.6,0.53
proc_00490,hosp_041,normal_delivery,22204,39945,31075,0.71,2,true,7,true,79,4,0.89,0.84
proc_00491,hosp_041,c_section,37664,72335,55000,0.75,7,true,14,true,250,0,0.92,0.99
proc_00492,hosp_041,kidney_stone_removal,39360,70639,55000,0.71,6,true,1,false,62,9,0.76,0.55
proc_00493,hosp_041,mri_scan,3650,9549,6600,0.76,1,true,2,false,315,10,0.5,0.51
proc_00494,hosp_042,bypass_cabg,156133,305866,231000,0.78,26,true,4,true,24,8,0.66,0.8
proc_00495,hosp_042,ecg_echo,2003,5146,3575,0.77,1,false,12,true,533,0,0.84,0.89
proc_00496,hosp_042,knee_replacement,68170,155129,111650,0.8,18,true,11,true,59,0,0.99,0.9
proc_00497,hosp_042,hip_replacement,92079,153770,122925,0.77,21,true,5,true,89,5,0.64,0.91
proc_00498,hosp_042,c_section,33062,65937,49500,0.81,7,true,5,false,162,6,0.82,0.61
proc_00499,hosp_042,hysterectomy,49409,85340,67375,0.78,15,true,1,false,34,5,0.71,0.53
proc_00500,hosp_042,endoscopy,3121,6778,4950,0.84,1,true,16,true,333,4,0.85,0.98
proc_00501,hosp_042,ct_scan,2014,3485,2750,0.8,1,true,4,false,1250,11,0.41,0.61
proc_00502,hosp_042,arthroscopy,26093,57506,41800,0.8,8,true,11,true,35,4,0.75,0.88
proc_00503,hosp_042,cataract,10579,25720,18150,0.78,3,true,2,false,299,9,0.59,0.53
proc_00504,hosp_042,colonoscopy,5527,9322,7425,0.82,1,true,11,true,174,2,0.8,0.92
proc_00505,hosp_042,appendectomy,26475,47224,36850,0.82,6,true,2,false,17,9,0.53,0.51
proc_00506,hosp_043,angioplasty,170265,291734,231000,0.83,4,true,17,true,303,1,0.85,0.99
proc_00507,hosp_043,ecg_echo,3994,9005,6500,0.8,1,true,7,true,695,2,0.7,0.85
proc_00508,hosp_043,knee_replacement,125188,273811,199500,0.86,19,true,6,true,128,6,0.72,0.89
proc_00509,hosp_043,hip_replacement,168660,292339,230500,0.79,28,true,6,true,88,8,0.78,0.91
proc_00510,hosp_043,arthroscopy,46730,109269,78000,0.8,5,true,12,true,60,0,0.82,0.93
proc_00511,hosp_043,appendectomy,43170,88829,66000,0.84,7,true,1,false,23,7,0.44,0.51
proc_00512,hosp_043,dialysis_single,1312,2687,2000,0.86,1,true,5,false,1616,2,0.82,0.59
proc_00513,hosp_043,endoscopy,6364,11635,9000,0.79,1,false,10,true,320,3,0.92,0.91
proc_00514,hosp_043,colonoscopy,8180,18819,13500,0.85,1,true,10,true,141,2,0.89,0.89
proc_00515,hosp_043,mri_scan,7098,13901,10500,0.84,1,true,4,false,693,6,0.53,0.57
proc_00516,hosp_044,angioplasty,179963,330036,255000,0.94,2,true,5,true,299,6,0.79,0.91
proc_00517,hosp_044,bypass_cabg,353861,647138,500500,0.95,23,true,8,true,58,4,0.8,0.9
proc_00518,hosp_044,ecg_echo,4791,10208,7500,0.88,1,true,14,true,1523,1,0.96,0.95
proc_00519,hosp_044,arthroscopy,55869,122130,89000,0.95,10,true,1,false,53,9,0.54,0.54
proc_00520,hosp_044,gallbladder_surgery,79431,164568,122000,0.93,10,true,2,false,19,13,0.69,0.52
proc_00521,hosp_044,c_section,62837,152162,107500,0.94,8,true,2,false,177,6,0.57,0.58
proc_00522,hosp_044,dialysis_single,1554,3445,2500,0.9,1,true,14,true,2808,4,0.99,0.99
proc_00523,hosp_044,kidney_stone_removal,64872,150127,107500,0.92,4,false,6,true,77,4,0.83,0.88
proc_00524,hosp_044,ct_scan,4427,7572,6000,0.88,1,true,11,true,1628,5,0.81,0.96
proc_00525,hosp_044,mri_scan,7208,17791,12500,0.89,1,true,9,true,1241,5,0.65,0.95
proc_00526,hosp_044,colonoscopy,8819,21180,15000,0.92,1,true,5,false,48,5,0.77,0.53
proc_00527,hosp_044,hip_replacement,167312,352687,260000,0.96,33,true,1,false,60,11,0.72,0.57
proc_00528,hosp_044,hysterectomy,86294,189705,138000,0.95,8,true,2,false,26,8,0.55,0.51
proc_00529,hosp_045,angioplasty,106385,280014,193200,0.85,3,true,15,true,305,4,0.79,0.99
proc_00530,hosp_045,bypass_cabg,235003,518596,376800,0.89,41,true,11,true,65,3,0.69,0.92
proc_00531,hosp_045,ecg_echo,3777,7422,5600,0.86,1,true,17,true,1097,0,0.93,0.95
proc_00532,hosp_045,cataract,18774,33225,26000,0.84,2,true,3,false,185,9,0.62,0.52
proc_00533,hosp_045,appendectomy,37067,74132,55600,0.85,8,true,3,false,46,9,0.7,0.54
proc_00534,hosp_045,gallbladder_surgery,62245,118554,90400,0.83,8,true,4,false,26,5,0.62,0.55
proc_00535,hosp_045,dialysis_single,1333,2666,2000,0.83,1,false,11,true,1550,0,0.94,0.93
proc_00536,hosp_045,kidney_stone_removal,45213,117186,81200,0.86,7,true,6,true,92,9,0.91,0.89
proc_00537,hosp_045,endoscopy,4790,10409,7600,0.84,1,true,1,false,205,6,0.71,0.52
proc_00538,hosp_045,ct_scan,3007,5792,4400,0.88,1,true,4,true,487,9,0.46,0.8
proc_00539,hosp_046,bypass_cabg,235571,478052,356812,0.72,38,true,3,false,54,7,0.57,0.56
proc_00540,hosp_046,ecg_echo,3436,7563,5500,0.79,1,true,3,false,1710,10,0.56,0.6
proc_00541,hosp_046,hip_replacement,126877,260872,193875,0.79,23,false,5,false,38,4,0.68,0.56
proc_00542,hosp_046,cataract,17847,32338,25093,0.74,2,true,15,true,552,0,0.91,0.98
proc_00543,hosp_046,lasik,25003,60932,42968,0.79,2,false,15,true,61,1,0.88,0.92
proc_00544,hosp_046,appendectomy,41929,71506,56718,0.71,10,true,7,true,118,3,0.86,0.93
proc_00545,hosp_046,hernia_repair,44323,78050,61187,0.76,4,true,9,true,58,5,0.67,0.89
proc_00546,hosp_046,gallbladder_surgery,62753,113246,88000,0.77,11,true,4,true,87,10,0.6,0.91
proc_00547,hosp_046,hysterectomy,68041,135458,101750,0.73,15,true,2,false,54,7,0.62,0.55
proc_00548,hosp_046,colonoscopy,7573,14426,11000,0.74,1,true,3,false,118,8,0.49,0.54
proc_00549,hosp_046,ct_scan,3341,5594,4468,0.73,1,true,14,true,1798,0,0.83,0.99
proc_00550,hosp_046,normal_delivery,32473,58962,45718,0.76,2,true,1,false,61,7,0.54,0.49
proc_00551,hosp_046,dialysis_single,1141,2982,2062,0.73,1,true,3,false,1205,8,0.49,0.55
proc_00552,hosp_047,angioplasty,213821,424740,319281,0.87,3,true,16,true,145,0,0.9,0.95
proc_00553,hosp_047,bypass_cabg,413351,777710,595531,0.82,31,true,15,true,83,1,0.82,0.98
proc_00554,hosp_047,ecg_echo,6529,11532,9031,0.82,1,true,3,true,825,10,0.78,0.81
proc_00555,hosp_047,knee_replacement,161164,381771,271468,0.84,25,true,4,false,51,8,0.56,0.56
proc_00556,hosp_047,cataract,29810,57313,43562,0.84,2,true,3,false,353,9,0.61,0.56
proc_00557,hosp_047,lasik,48742,94693,71718,0.82,2,false,3,false,105,11,0.6,0.55
proc_00558,hosp_047,normal_delivery,46247,95064,70656,0.86,4,true,6,true,365,4,0.7,0.92
proc_00559,hosp_047,c_section,78036,166337,122187,0.9,6,false,5,true,106,3,0.76,0.85
proc_00560,hosp_047,hysterectomy,105993,214880,160437,0.91,8,true,13,true,63,3,0.84,0.97
proc_00561,hosp_047,kidney_stone_removal,80117,171694,125906,0.85,3,true,5,false,60,2,0.67,0.59
proc_00562,hosp_047,ct_scan,5443,9430,7437,0.83,1,true,4,true,1487,5,0.53,0.88
proc_00563,hosp_047,mri_scan,8869,19816,14343,0.88,1,true,11,true,562,3,0.94,0.92
proc_00564,hosp_048,angioplasty,120700,275985,198343,0.78,4,true,5,false,159,8,0.69,0.57
proc_00565,hosp_048,bypass_cabg,228997,520376,374687,0.76,39,true,4,false,20,6,0.73,0.54
proc_00566,hosp_048,knee_replacement,112286,227337,169812,0.8,27,true,5,true,133,4,0.61,0.9
proc_00567,hosp_048,hip_replacement,137341,266220,201781,0.81,35,true,16,true,21,6,0.91,0.92
proc_00568,hosp_048,arthroscopy,40546,95577,68062,0.75,5,true,12,true,76,2,0.96,0.95
proc_00569,hosp_048,normal_delivery,25570,65865,45718,0.8,4,true,11,true,192,0,0.89,0.92
proc_00570,hosp_048,hysterectomy,57397,146788,102093,0.75,15,true,11,true,101,4,0.8,0.97
proc_00571,hosp_048,dialysis_single,1357,2766,2062,0.77,1,true,6,true,1885,5,0.74,0.9
proc_00572,hosp_048,kidney_stone_removal,47148,113037,80093,0.81,7,true,4,true,25,10,0.59,0.79
proc_00573,hosp_048,ct_scan,2492,6443,4468,0.76,1,true,5,false,1322,6,0.65,0.61
proc_00574,hosp_048,mri_scan,6379,11494,8937,0.78,1,true,4,false,319,11,0.64,0.53
proc_00575,hosp_048,cataract,19342,35657,27500,0.82,4,true,5,false,230,3,0.68,0.57
proc_00576,hosp_048,appendectomy,38720,82965,60843,0.81,10,true,2,false,31,9,0.57,0.53
proc_00577,hosp_048,gallbladder_surgery,57615,130070,93843,0.79,11,true,3,false,19,6,0.6,0.53
proc_00578,hosp_049,angioplasty,270462,493287,381875,0.87,2,false,10,true,197,0,0.8,0.93
proc_00579,hosp_049,bypass_cabg,534622,934127,734375,0.84,23,true,10,true,76,2,0.92,0.93
proc_00580,hosp_049,ecg_echo,7772,15977,11875,0.89,1,true,15,true,1579,1,0.9,0.98
proc_00581,hosp_049,knee_replacement,247029,451720,349375,0.89,23,true,10,true,56,1,0.83,0.88
proc_00582,hosp_049,hip_replacement,259758,505241,382500,0.85,31,true,8,true,47,1,0.86,0.89
proc_00583,hosp_049,arthroscopy,84932,182567,133750,0.83,8,false,13,true,108,0,0.99,0.99
proc_00584,hosp_049,cataract,37528,72471,55000,0.86,3,true,11,true,271,0,0.88,0.9
proc_00585,hosp_049,lasik,55272,124727,90000,0.84,3,false,16,true,153,3,0.83,0.98
proc_00586,hosp_049,hernia_repair,81799,173200,127500,0.86,5,true,4,false,19,8,0.67,0.53
proc_00587,hosp_049,gallbladder_surgery,113408,242841,178125,0.88,11,true,3,false,63,8,0.43,0.59
proc_00588,hosp_049,hysterectomy,143134,266865,205000,0.88,10,true,2,false,47,11,0.67,0.57
proc_00589,hosp_049,colonoscopy,16227,28772,22500,0.82,1,true,2,false,204,7,0.63,0.58
proc_00590,hosp_049,ct_scan,5404,13345,9375,0.86,1,true,3,false,518,7,0.73,0.53
proc_00591,hosp_050,angioplasty,208976,518523,363750,0.85,3,true,5,true,158,6,0.74,0.85
proc_00592,hosp_050,bypass_cabg,493941,889808,691875,0.9,25,false,13,true,56,1,0.81,0.95
proc_00593,hosp_050,cataract,32612,69887,51250,0.88,4,true,2,false,421,9,0.76,0.57
proc_00594,hosp_050,appendectomy,62637,157362,110000,0.9,8,true,11,true,124,3,0.91,0.97
proc_00595,hosp_050,hernia_repair,69014,159735,114375,0.88,7,true,4,true,76,9,0.5,0.86
proc_00596,hosp_050,gallbladder_surgery,108727,245022,176875,0.84,7,true,15,true,66,2,0.85,0.96
proc_00597,hosp_050,normal_delivery,47345,121404,84375,0.89,4,true,13,true,213,0,0.9,0.94
proc_00598,hosp_050,c_section,86177,205072,145625,0.89,6,true,6,true,154,2,0.7,0.89
proc_00599,hosp_050,hysterectomy,125277,259722,192500,0.87,7,false,6,true,31,4,0.77,0.84
proc_00600,hosp_050,dialysis_single,2581,4918,3750,0.91,1,true,17,true,1312,1,0.78,0.96
proc_00601,hosp_050,kidney_stone_removal,109748,184001,146875,0.86,7,true,13,true,21,3,0.98,0.9
proc_00602,hosp_050,endoscopy,9179,18320,13750,0.86,1,true,1,false,287,6,0.53,0.55
proc_00603,hosp_050,colonoscopy,12607,29892,21250,0.88,1,true,4,false,49,9,0.67,0.53
proc_00604,hosp_050,ct_scan,5652,11847,8750,0.9,1,true,3,true,977,10,0.55,0.83
proc_00605,hosp_050,mri_scan,10214,24785,17500,0.85,1,true,4,false,398,9,0.55,0.55
proc_00606,hosp_051,bypass_cabg,530917,934082,732500,0.86,22,false,3,false,42,9,0.61,0.55
proc_00607,hosp_051,knee_replacement,194996,497503,346250,0.88,17,true,2,false,88,6,0.6,0.55
proc_00608,hosp_051,hip_replacement,254772,546477,400625,0.88,26,true,4,false,21,11,0.7,0.53
proc_00609,hosp_051,cataract,31189,80060,55625,0.84,3,true,4,false,222,6,0.49,0.56
proc_00610,hosp_051,gallbladder_surgery,104816,243933,174375,0.85,9,true,1,false,50,13,0.6,0.55
proc_00611,hosp_051,hysterectomy,146035,255214,200625,0.84,9,true,1,false,27,12,0.69,0.53
proc_00612,hosp_051,kidney_stone_removal,120474,205775,163125,0.85,5,true,12,true,50,5,0.8,0.92
proc_00613,hosp_051,endoscopy,9391,20608,15000,0.85,1,true,3,false,129,6,0.67,0.53
proc_00614,hosp_051,ct_scan,6028,11471,8750,0.83,1,true,15,true,1711,5,0.88,0.99
proc_00615,hosp_051,mri_scan,13465,22784,18125,0.85,1,true,9,true,836,4,0.71,0.92
proc_00616,hosp_051,c_section,98375,210374,154375,0.87,5,true,2,false,99,9,0.57,0.55
proc_00617,hosp_052,angioplasty,220643,392356,306500,0.9,2,true,12,true,256,4,0.85,0.96
proc_00618,hosp_052,bypass_cabg,357589,844410,601000,0.9,42,true,3,true,80,9,0.6,0.86
proc_00619,hosp_052,ecg_echo,5929,12070,9000,0.9,1,true,17,true,1981,0,0.92,0.99
proc_00620,hosp_052,cataract,23788,61211,42500,0.96,2,true,2,false,447,8,0.68,0.58
proc_00621,hosp_052,lasik,46266,101733,74000,0.92,3,false,4,false,62,6,0.62,0.54
proc_00622,hosp_052,appendectomy,54187,128812,91500,0.94,10,false,11,true,120,4,0.83,0.96
proc_00623,hosp_052,hernia_repair,55511,140488,98000,0.92,10,true,8,true,130,3,0.72,0.95
proc_00624,hosp_052,gallbladder_surgery,98012,191987,145000,0.93,6,true,12,true,77,0,0.99,0.96
proc_00625,hosp_052,normal_delivery,47471,103528,75500,0.92,2,false,5,false,165,7,0.78,0.56
proc_00626,hosp_052,c_section,71563,183436,127500,0.91,5,false,3,false,64,9,0.51,0.53
proc_00627,hosp_052,hysterectomy,102022,230977,166500,0.95,13,false,5,false,39,7,0.62,0.57
proc_00628,hosp_052,dialysis_single,2083,4916,3500,0.92,1,true,2,false,1777,6,0.73,0.58
proc_00629,hosp_052,ct_scan,4680,10319,7500,0.97,1,true,16,true,578,3,0.99,0.94
proc_00630,hosp_052,mri_scan,8015,20984,14500,0.94,1,true,10,true,806,4,0.91,0.93
proc_00631,hosp_053,bypass_cabg,282072,723927,503000,0.9,25,true,5,false,61,5,0.73,0.59
proc_00632,hosp_053,knee_replacement,126860,330139,228500,0.98,26,true,11,true,58,0,0.74,0.89
proc_00633,hosp_053,hip_replacement,158613,366386,262500,0.95,32,false,8,true,35,2,0.61,0.86
proc_00634,hosp_053,appendectomy,49072,101927,75500,0.95,9,false,1,false,70,4,0.56,0.54
proc_00635,hosp_053,hernia_repair,48335,115664,82000,0.96,6,true,1,false,29,11,0.65,0.5
proc_00636,hosp_053,normal_delivery,40832,79167,60000,0.94,4,true,4,true,140,9,0.62,0.82
proc_00637,hosp_053,c_section,66860,147139,107000,0.91,6,false,14,true,207,3,0.82,0.99
proc_00638,hosp_053,hysterectomy,76894,198105,137500,0.93,8,true,11,true,40,2,0.96,0.91
proc_00639,hosp_053,dialysis_single,1514,3485,2500,0.92,1,true,4,true,2107,5,0.67,0.88
proc_00640,hosp_053,ct_scan,4096,7903,6000,0.89,1,false,4,false,1121,8,0.64,0.58
proc_00641,hosp_053,mri_scan,8887,15112,12000,0.94,1,true,3,false,610,12,0.6,0.57
proc_00642,hosp_054,knee_replacement,67793,175856,121825,0.7,23,true,9,true,158,2,0.69,0.95
proc_00643,hosp_054,hip_replacement,88001,197998,143000,0.77,16,true,11,true,53,1,0.8,0.93
proc_00644,hosp_054,arthroscopy,34431,59618,47025,0.75,7,true,13,true,35,0,0.81,0.9
proc_00645,hosp_054,appendectomy,27431,55068,41250,0.74,8,true,4,true,80,9,0.52,0.87
proc_00646,hosp_054,hernia_repair,31185,60114,45650,0.7,7,true,12,true,68,2,0.9,0.93
proc_00647,hosp_054,gallbladder_surgery,44296,89353,66825,0.76,10,true,6,true,25,6,0.82,0.82
proc_00648,hosp_054,c_section,37045,74054,55550,0.76,6,true,1,false,107,9,0.64,0.54
proc_00649,hosp_054,kidney_stone_removal,37233,79916,58575,0.78,4,true,11,true,114,0,0.84,0.97
proc_00650,hosp_054,endoscopy,4145,7404,5775,0.76,1,true,11,true,176,0,0.93,0.9
proc_00651,hosp_054,ct_scan,2646,4503,3575,0.72,1,false,3,true,1443,6,0.51,0.86
proc_00652,hosp_054,lasik,22736,43263,33000,0.78,3,false,2,false,101,8,0.62,0.54
proc_00653,hosp_055,angioplasty,182748,327251,255000,0.97,4,true,7,true,219,2,0.78,0.9
proc_00654,hosp_055,bypass_cabg,350582,616417,483500,0.93,23,true,8,true,95,6,0.74,0.93
proc_00655,hosp_055,ecg_echo,4375,9624,7000,0.9,1,true,16,true,514,3,0.96,0.93
proc_00656,hosp_055,normal_delivery,39121,76878,58000,0.91,3,true,11,true,362,2,0.88,0.96
proc_00657,hosp_055,c_section,62352,136647,99500,0.97,7,true,16,true,200,2,0.99,0.99
proc_00658,hosp_055,hysterectomy,85592,168407,127000,0.93,15,true,5,true,66,3,0.75,0.89
proc_00659,hosp_055,dialysis_single,1204,2795,2000,0.95,1,false,5,false,401,2,0.73,0.55
proc_00660,hosp_055,kidney_stone_removal,61337,133662,97500,0.97,4,true,4,false,65,6,0.76,0.58
proc_00661,hosp_055,endoscopy,7121,11878,9500,0.96,1,false,5,true,520,1,0.64,0.92
proc_00662,hosp_055,knee_replacement,138038,301961,220000,0.94,21,true,2,false,69,10,0.66,0.55
proc_00663,hosp_055,appendectomy,41795,100204,71000,0.92,6,true,5,false,42,3,0.68,0.55
proc_00664,hosp_055,cataract,22846,45153,34000,0.93,1,true,2,false,404,6,0.6,0.57
proc_00665,hosp_055,hernia_repair,58285,101714,80000,0.96,8,true,3,false,40,9,0.56,0.54
proc_00666,hosp_056,angioplasty,152601,300398,226500,0.87,2,true,8,true,201,2,0.96,0.91
proc_00667,hosp_056,bypass_cabg,309262,566737,438000,0.9,43,true,8,true,71,4,0.9,0.92
proc_00668,hosp_056,knee_replacement,149788,256211,203000,0.89,24,true,15,true,171,1,0.75,0.99
proc_00669,hosp_056,hip_replacement,173084,297915,235500,0.93,33,true,15,true,35,5,0.75,0.93
proc_00670,hosp_056,dialysis_single,1295,2704,2000,0.86,1,true,5,true,2137,1,0.72,0.89
proc_00671,hosp_056,kidney_stone_removal,57684,128315,93000,0.86,7,true,10,true,57,0,0.82,0.89
proc_00672,hosp_056,gallbladder_surgery,60396,148603,104500,0.86,9,true,2,false,64,6,0.77,0.58
proc_00673,hosp_056,endoscopy,5781,11218,8500,0.93,1,true,5,false,250,6,0.78,0.58
proc_00674,hosp_056,hernia_repair,47743,101256,74500,0.92,6,true,3,false,43,9,0.59,0.54
proc_00675,hosp_056,arthroscopy,51520,103479,77500,0.9,7,true,12,true,47,2,0.85,0.91
proc_00676,hosp_056,appendectomy,37611,94388,66000,0.86,7,true,5,false,80,5,0.83,0.58
proc_00677,hosp_056,lasik,34829,74170,54500,0.88,2,false,2,false,37,6,0.44,0.49
proc_00678,hosp_057,angioplasty,181356,337643,259500,0.88,5,false,2,false,127,12,0.73,0.55
proc_00679,hosp_057,ecg_echo,5774,10225,8000,0.87,1,true,2,false,1571,6,0.54,0.59
proc_00680,hosp_057,knee_replacement,133991,311008,222500,0.87,16,true,3,true,124,5,0.46,0.88
proc_00681,hosp_057,hip_replacement,166803,344196,255500,0.88,15,true,5,true,56,4,0.64,0.86
proc_00682,hosp_057,arthroscopy,56849,115150,86000,0.89,8,true,10,true,98,1,0.87,0.94
proc_00683,hosp_057,cataract,25422,46577,36000,0.9,2,true,3,true,192,8,0.68,0.82
proc_00684,hosp_057,lasik,39296,84703,62000,0.88,2,false,17,true,253,1,0.88,0.99
proc_00685,hosp_057,normal_delivery,39246,82753,61000,0.94,2,true,4,true,104,9,0.71,0.81
proc_00686,hosp_057,c_section,72997,130002,101500,0.92,6,true,17,true,68,0,0.84,0.91
proc_00687,hosp_057,hysterectomy,96145,173854,135000,0.9,9,true,9,true,14,3,0.66,0.86
proc_00688,hosp_057,dialysis_single,1999,4000,3000,0.86,1,true,13,true,2649,1,0.95,0.99
proc_00689,hosp_057,kidney_stone_removal,63994,149005,106500,0.89,7,true,8,true,113,4,0.74,0.94
proc_00690,hosp_057,endoscopy,7294,12705,10000,0.93,1,true,12,true,406,3,0.87,0.97
proc_00691,hosp_057,colonoscopy,9730,20269,15000,0.89,1,true,5,true,228,7,0.71,0.89
proc_00692,hosp_057,ct_scan,4720,8279,6500,0.91,1,true,4,true,1749,7,0.62,0.9
proc_00693,hosp_057,mri_scan,7146,16853,12000,0.87,1,true,3,true,573,8,0.65,0.83
proc_00694,hosp_058,angioplasty,160732,361267,261000,0.96,3,true,15,true,173,3,0.86,0.95
proc_00695,hosp_058,bypass_cabg,385965,650034,518000,0.91,26,false,12,true,71,0,0.99,0.95
proc_00696,hosp_058,ecg_echo,4628,11371,8000,0.91,1,true,5,true,1012,7,0.77,0.85
proc_00697,hosp_058,knee_replacement,150755,307244,229000,0.94,23,true,12,true,40,1,0.81,0.89
proc_00698,hosp_058,hip_replacement,187571,337428,262500,0.89,31,true,14,true,55,3,0.8,0.95
proc_00699,hosp_058,cataract,21112,48887,35000,0.95,3,true,10,true,319,5,0.95,0.91
proc_00700,hosp_058,lasik,33913,83086,58500,0.92,2,false,10,true,131,1,0.79,0.91
proc_00701,hosp_058,gallbladder_surgery,68095,173904,121000,0.94,12,false,1,false,66,8,0.71,0.58
proc_00702,hosp_058,kidney_stone_removal,65675,138324,102000,0.93,5,true,5,true,41,5,0.74,0.84
proc_00703,hosp_058,endoscopy,5634,13365,9500,0.92,1,true,13,true,391,1,0.92,0.97
proc_00704,hosp_058,colonoscopy,10682,19317,15000,0.9,1,true,8,true,126,1,0.84,0.87
proc_00705,hosp_058,ct_scan,3904,9095,6500,0.9,1,true,7,true,1591,5,0.8,0.91
proc_00706,hosp_058,mri_scan,7355,16644,12000,0.91,1,true,8,true,555,0,0.85,0.88
proc_00707,hosp_059,knee_replacement,137952,269047,203500,0.96,24,true,15,true,82,1,0.88,0.96
proc_00708,hosp_059,hip_replacement,137648,334351,236000,0.88,28,true,15,true,43,0,0.91,0.96
proc_00709,hosp_059,arthroscopy,52605,100394,76500,0.96,10,true,10,true,80,0,0.94,0.92
proc_00710,hosp_059,cataract,21915,41084,31500,0.95,4,true,11,true,559,0,0.94,0.96
proc_00711,hosp_059,lasik,38211,66788,52500,0.89,3,false,17,true,194,1,0.84,0.99
proc_00712,hosp_059,gallbladder_surgery,64959,138040,101500,0.97,11,true,5,false,39,5,0.69,0.57
proc_00713,hosp_059,hysterectomy,86707,153292,120000,0.88,11,true,3,false,21,10,0.68,0.52
proc_00714,hosp_059,colonoscopy,9072,17927,13500,0.92,1,true,2,false,147,12,0.69,0.54
proc_00715,hosp_059,ct_scan,3582,6417,5000,0.88,1,false,16,true,522,1,0.81,0.91
proc_00716,hosp_059,mri_scan,7450,13549,10500,0.96,1,true,13,true,369,4,0.92,0.91
proc_00717,hosp_060,angioplasty,140061,292738,216400,0.86,4,true,2,false,236,7,0.61,0.6
proc_00718,hosp_060,bypass_cabg,270722,529277,400000,0.88,41,true,1,false,78,6,0.57,0.57
proc_00719,hosp_060,arthroscopy,52563,90636,71600,0.81,5,true,1,false,73,8,0.52,0.57
proc_00720,hosp_060,lasik,36221,60578,48400,0.88,1,false,4,false,59,12,0.7,0.55
proc_00721,hosp_060,gallbladder_surgery,64444,132355,98400,0.87,12,true,1,false,66,8,0.73,0.58
proc_00722,hosp_060,hysterectomy,77071,142128,109600,0.86,8,true,4,false,47,7,0.6,0.58
proc_00723,hosp_060,kidney_stone_removal,47917,116082,82000,0.87,5,true,14,true,130,1,0.93,0.99
proc_00724,hosp_060,endoscopy,5904,10095,8000,0.82,1,true,8,true,375,6,0.87,0.92
proc_00725,hosp_060,colonoscopy,7304,16695,12000,0.87,1,true,14,true,210,4,0.85,0.96
proc_00726,hosp_060,c_section,63922,111277,87600,0.83,8,true,1,false,42,8,0.65,0.51
proc_00727,hosp_060,knee_replacement,108976,247023,178000,0.88,19,true,4,false,84,7,0.65,0.58
proc_00728,hosp_060,ecg_echo,4595,8204,6400,0.87,1,true,1,false,1678,9,0.58,0.57
proc_00729,hosp_060,hernia_repair,47233,83166,65200,0.87,4,true,2,false,58,9,0.55,0.56
proc_00730,hosp_060,mri_scan,5846,13353,9600,0.85,1,false,1,false,388,11,0.72,0.53
proc_00731,hosp_060,dialysis_single,1178,2821,2000,0.85,1,true,3,true,1090,2,0.58,0.83